{"cameraMode":{"drawMode":0,"name":"Shaded","section":"Shading Mode"},"sceneLighting":true,"audioPlay":false,"sceneViewState":{"m_AlwaysRefresh":false,"showFog":true,"showSkybox":true,"showFlares":true,"showImageEffects":true,"showParticleSystems":true,"showVisualEffectGraphs":true,"m_FxEnabled":true},"in2DMode":false,"pivot":{"x":21.344839096069337,"y":1.6391429901123047,"z":-0.48587822914123537},"rotation":{"x":-0.010208355262875557,"y":-0.7610058188438416,"z":0.012074105441570282,"w":-0.648690938949585},"size":1.1052227020263672,"orthographic":false}